Index,Jogo,Consola
1,'Splosion Man,Xbox Games Store (X360) [EU]
2,13 Sentinels: Aegis Rim,PlayStation 4 [EU]
3,1945 I & II: The Arcade Games,PlayStation 2 [EU]
4,24: The Game - Steelbook Edition,PlayStation 2 [EU]
5,"3rd Birthday, The - Twisted Edition",PlayStation Portable [EU]
6,Action Man: Destruction X,PlayStation [EU]
7,After Burner Climax,Xbox Games Store (X360) [EU]
8,Akai Katana,Xbox 360 [EU]
9,Alan Wake - Limited Collector's Edition (K3F00004),Xbox 360 [EU]
10,Alan Wake's American Nightmare,Xbox Games Store (X360) [EU]
11,Alone in the Dark - Limited Edition [AT][CH][DE],Xbox 360 [EU]
12,Altered Beast,Sega Mega Drive [EU]
13,Altered Beast,PlayStation 2 [EU]
14,Anarchy Reigns - Limited Edition,Xbox 360 [EU]
15,Arcade Smash Hits,Sega Master System [EU]
16,Assassin's Creed,Nintendo DS [EU]
17,Assassin's Creed,Xbox 360 [EU]
18,Assassin's Creed Chronicles,PlayStation 4 [EU]
19,Assassin's Creed II,Xbox 360 [EU]
20,Assassin's Creed II: Discovery,Nintendo DS [EU]
21,Assassin's Creed III,Xbox 360 [EU]
22,Assassin's Creed III: Liberation,PlayStation Vita [EU]
23,Assassin's Creed IV: Black Flag [NL],Xbox 360 [EU]
24,Assassin's Creed Odyssey,PlayStation 4 [EU]
25,Assassin's Creed Origins (300096480),PlayStation 4 [EU]
26,Assassin's Creed Rogue [ES],Xbox 360 [EU]
27,Assassin's Creed Syndicate,PlayStation 4 [EU]
28,Assassin's Creed Unity - Special Edition,PlayStation 4 [EU]
29,Assassin's Creed Valhalla,PlayStation 5 [EU]
30,Assassin's Creed: Bloodlines,PlayStation Portable [EU]
31,Assassin's Creed: Brotherhood,Xbox 360 [EU]
32,Assassin's Creed: Revelations - Special Edition,Xbox 360 [EU]
33,Asura's Wrath,Xbox 360 [EU]
34,Balan Wonderworld,PlayStation 4 [EU]
35,Band Hero - Band Kit,Xbox 360 [EU]
36,Baten Kaitos I & II HD Remaster [UK],Nintendo Switch [EU]
37,Batman: Arkham Asylum (Villain Challenge Map),Xbox 360 [EU]
38,Batman: Arkham City [UK],Xbox 360 [EU]
39,Batman: Arkham Origins [DK][FI][NO][SE],Xbox 360 [EU]
40,Battlefield 3,PlayStation 3 [EU]
41,Bayonetta - Climax Edition,Xbox 360 [EU]
42,Bayonetta 2,Nintendo Switch [EU]
43,Bayonetta 3,Nintendo Switch [EU]
44,Bayonetta Origins: Cereza and the Lost Demon,Nintendo Switch [EU]
45,"Beatles, The: Rock Band",Xbox 360 [EU]
46,Beyblade: Let it Rip!,PlayStation [EU]
47,Beyblade: Metal Fusion Cyber Pegasus,Nintendo DS [EU]
48,Beyond Good & Evil,Xbox [EU]
49,Beyond: Two Souls,PlayStation 3 [EU]
50,Binary Domain,Xbox 360 [EU]
51,BioShock,Xbox 360 [EU]
52,BioShock 2 - Special Edition,Xbox 360 [EU]
53,Black,Xbox [EU]
54,BlazBlue: Calamity Trigger - Limited Edition,Xbox 360 [EU]
55,BlazBlue: Continuum Shift - Limited Edition,Xbox 360 [EU]
56,BlazBlue: Continuum Shift Extend - Limited Edition,Xbox 360 [EU]
57,Blinx: The Time Sweeper,Xbox [EU]
58,Bloodborne,PlayStation 4 [EU]
59,Blue Dragon,Xbox 360 [EU]
60,Blur,Xbox 360 [EU]
61,Braid,Xbox Games Store (X360) [EU]
62,Brütal Legend,Xbox 360 [EU]
63,Bugs Bunny: Lost in Time,PlayStation [EU]
64,Burnout 3: Takedown,PlayStation 2 [EU]
65,Bust-A-Move 3 DX,PlayStation [EU]
66,Call of Duty 4: Modern Warfare - Limited Collector's Edition,Xbox 360 [EU]
67,Call Of Duty: Classic,Xbox Games Store (X360) [EU]
68,Call of Duty: Modern Warfare 2 - Hardened Edition,Xbox 360 [EU]
69,Canis Canem Edit,PlayStation 2 [EU]
70,Captain Toad: Treasure Tracker,Nintendo Switch [EU]
71,Captain Tsubasa: Rise of New Champions,PlayStation 4 [EU]
72,Castle Crashers,Xbox Games Store (X360) [EU]
73,Castlevania: Lords of Shadow - Mirror of Fate HD,Xbox Games Store (X360) [EU]
74,Catherine - Stray Sheep Edition,Xbox 360 [EU]
75,Chaos Legion,PlayStation 2 [EU]
76,Child of Eden,Xbox 360 [EU]
77,Christmas Nights into Dreams... (jewel case),Sega Saturn [EU]
78,ChuChu Rocket!,Sega Dreamcast [EU]
79,Classic Collection,Sega Mega Drive [EU]
80,Clockwork Knight,Sega Saturn [EU]
81,Clockwork Knight 2,Sega Saturn [EU]
82,Code Vein,PlayStation 4 [EU]
83,Comix Zone,Sega Mega Drive [EU]
84,Concrete Genie,PlayStation 4 [EU]
85,"Conduit, The - Special Edition",Wii [EU]
86,Crash Bandicoot,PlayStation [EU]
87,Crash Bandicoot 3: Warped,PlayStation [EU]
88,Crash Bandicoot N. Sane Trilogy,PlayStation 4 [EU]
89,Crash Bandicoot: The Wrath of Cortex,PlayStation 2 [EU]
90,Crash Bash - Platinum,PlayStation [EU]
91,Crash Boom Bang!,Nintendo DS [EU]
92,Crash Nitro Kart,PlayStation 2 [EU]
93,Crash of the Titans - Monster Edition,PlayStation 2 [EU]
94,Crash Tag Team Racing,PlayStation 2 [EU]
95,Crash Team Racing: Nitro-Fueled,PlayStation 4 [EU]
96,Crash Twinsanity,PlayStation 2 [EU]
97,Crash: Mind over Mutant,PlayStation 2 [EU]
98,Crazy Taxi,Sega Dreamcast [EU]
99,Crisis Zone,PlayStation 2 [EU]
100,Dark Chronicle,PlayStation 2 [EU]
101,Dark Souls Trilogy,PlayStation 4 [EU]
102,Darksiders [BE][NL],Xbox 360 [EU]
103,Darksiders II,Xbox 360 [EU]
104,Daxter [DK][FI][NO][SE],PlayStation Portable [EU]
105,Days Gone,PlayStation 4 [EU]
106,Daytona USA,Sega Saturn [EU]
107,Daytona USA 2001,Sega Dreamcast [EU]
108,Death Stranding,PlayStation 4 [EU]
109,Deathsmiles - Deluxe Edition,Xbox 360 [EU]
110,Demon's Souls - Black Phantom Edition,PlayStation 3 [EU]
111,Detroit: Become Human,PlayStation 4 [EU]
112,Devil Dice,PlayStation [EU]
113,Devil May Cry,PlayStation 2 [EU]
114,Devil May Cry 2,PlayStation 2 [EU]
115,Devil May Cry 3: Dante's Awakening: Special Edition,PlayStation 2 [EU]
116,Devil May Cry 4 - Collector's Edition,Xbox 360 [NA]
117,Devil May Cry 5,PlayStation 4 [EU]
118,Dexter's Laboratory: Mandark's Lab,PlayStation [EU]
119,Digimon Rumble Arena,PlayStation [EU]
120,Digimon World - Platinum,PlayStation [EU]
121,Disney DuckTales Remastered,PlayStation 3 [EU]
122,Disney's Action Game Featuring Hercules - Platinum,PlayStation [EU]
123,Disney's Donald Duck PK (ELSPA rating),PlayStation 2 [EU]
124,Disney's Kim Possible: What's the Switch?,PlayStation 2 [EU]
125,Disney's Toy Story,Sega Mega Drive [EU]
126,Dissidia 012: Duodecim Final Fantasy - Legacy Edition,PlayStation Portable [EU]
127,Dissidia: Final Fantasy NT,PlayStation 4 [EU]
128,DJ Hero,Xbox 360 [EU]
129,DJ Hero 2,Xbox 360 [EU]
130,DmC: Devil May Cry,Xbox 360 [EU]
131,DoDonPachi Resurrection: Deluxe Edition,Xbox 360 [EU]
132,Dog's Life,PlayStation 2 [EU]
133,Dr. Robotnik's Mean Bean Machine,Sega Mega Drive [EU]
134,Dragon Ball FighterZ,PlayStation 4 [EU]
135,Dragon Ball Z,Sega Mega Drive [EU]
136,Dragon Ball Z: Battle of Z,PlayStation 3 [EU]
137,Dragon Ball Z: Budokai,PlayStation 2 [EU]
138,Dragon Ball Z: Budokai 2,PlayStation 2 [EU]
139,Dragon Ball Z: Budokai 3 - Platinum [BE][FR][NL],PlayStation 2 [EU]
140,Dragon Ball Z: Budokai Tenkaichi,PlayStation 2 [EU]
141,Dragon Ball Z: Budokai Tenkaichi 2,PlayStation 2 [EU]
142,Dragon Ball Z: Budokai Tenkaichi 3,PlayStation 2 [EU]
143,Dragon Ball Z: Burst Limit,PlayStation 3 [EU]
144,Dragon Ball Z: Infinite World,PlayStation 2 [EU]
145,Dragon Ball Z: Shin Budokai,PlayStation Portable [EU]
146,Dragon Ball Z: Shin Budokai 2,PlayStation Portable [EU]
147,Dragon Ball Z: Tenkaichi Tag Team,PlayStation Portable [EU]
148,Dragon Ball Z: The Legend [ES],Sega Saturn [EU]
149,Dragon Ball Z: Ultimate Battle 22,PlayStation [EU]
150,Dragon Ball Z: Ultimate Tenkaichi,PlayStation 3 [EU]
151,Dragon Ball: Final Bout,PlayStation [EU]
152,Dragon Ball: Origins,Nintendo DS [EU]
153,Dragon Ball: Raging Blast,PlayStation 3 [EU]
154,Dragon Ball: Raging Blast 2,PlayStation 3 [EU]
155,Dragon Ball: Revenge of King Piccolo,Wii [EU]
156,Dragon Quest: The Journey of the Cursed King (1820012),PlayStation 2 [EU]
157,Dragon's Crown Pro,PlayStation 4 [EU]
158,Dreams,PlayStation 4 [EU]
159,Driveclub,PlayStation 4 [EU]
160,"Elder Scrolls V, The: Skyrim",Xbox 360 [EU]
161,Enslaved: Odyssey to the West,Xbox 360 [EU]
162,Eternal Sonata,Xbox 360 [EU]
163,EyeToy: Play,PlayStation 2 [EU]
164,EyeToy: Play 2,PlayStation 2 [EU]
165,EyeToy: Play 3,PlayStation 2 [EU]
166,F355 Challenge: Passione Rossa,Sega Dreamcast [EU]
167,Fable,Xbox [EU]
168,Fable II,Xbox 360 [EU]
169,Fable III - Limited Collector's Edition,Xbox 360 [EU]
170,Fahrenheit,Xbox [EU]
171,Fallout: New Vegas,PlayStation 3 [EU]
172,FantaVision,PlayStation 2 [EU]
173,FIFA 06 [IL],PlayStation 2 [EU]
174,FIFA 07,PlayStation 2 [EU]
175,FIFA 09 [SE][FI][DK][NO],Xbox 360 [EU]
176,FIFA 11,Xbox 360 [EU]
177,FIFA 12 [PL],Xbox 360 [EU]
178,FIFA 13,Xbox 360 [EU]
179,FIFA 14,PlayStation 3 [EU]
180,FIFA 15 [NL][FR],PlayStation 3 [EU]
181,FIFA 16,PlayStation 4 [EU]
182,FIFA 17,PlayStation 4 [EU]
183,FIFA 18,PlayStation 4 [EU]
184,FIFA 20,PlayStation 4 [EU]
185,FIFA 2000 [DE],PlayStation [EU]
186,FIFA 99,PlayStation [EU]
187,FIFA Football 2004,PlayStation 2 [EU]
188,FIFA Football 2005,PlayStation 2 [EU]
189,FIFA Street,PlayStation 2 [EU]
190,FIFA Street 2,PlayStation 2 [EU]
191,FIFA: Road to World Cup 98,PlayStation [EU]
192,Fighters Megamix,Sega Saturn [EU]
193,Final Fantasy IV: The Complete Collection [UK],PlayStation Portable [EU]
194,Final Fantasy Origins,PlayStation [EU]
195,Final Fantasy VII,PlayStation [EU]
196,Final Fantasy X (ELSPA rating),PlayStation 2 [EU]
197,Final Fantasy X-2,PlayStation 2 [EU]
198,Final Fantasy XII,PlayStation 2 [EU]
199,Final Fantasy XIII - Collector's Edition,Xbox 360 [EU]
200,Final Fantasy XIII-2 - Limited Collector's Edition,Xbox 360 [EU]
201,Final Fantasy XV,PlayStation 4 [EU]
202,Folklore,PlayStation 3 [EU]
203,Forza Motorsport 2 - Limited Collector's Edition,Xbox 360 [EU]
204,Forza Motorsport 3 - Limited Collector's Edition,Xbox 360 [EU]
205,Forza Motorsport 4 - Limited Collector's Edition,Xbox 360 [EU]
206,Freedom Fighters,Xbox [EU]
207,Gears of War - Limited Collector's Edition,Xbox 360 [EU]
208,Gears of War 2 - Limited Edition,Xbox 360 [EU]
209,Gears of War 3 - Epic Edition,Xbox 360 [EU]
210,Gears of War: Judgment [AT][CH],Xbox 360 [EU]
211,Genji,PlayStation 2 [EU]
212,Genji: Days of the Blade,PlayStation 3 [EU]
213,"Getaway, The (BBFC rating)",PlayStation 2 [EU]
214,"Getaway, The: Black Monday",PlayStation 2 [EU]
215,Ghost Squad,Wii [EU]
216,Ghosthunter,PlayStation 2 [EU]
217,God Hand,PlayStation 2 [EU]
218,God of War,PlayStation 4 [EU]
219,God of War [GR][PT][RU],PlayStation 2 [EU]
220,God of War Collection [UK],PlayStation 3 [EU]
221,God of War Collection: Volume II - Classics HD,PlayStation 3 [EU]
222,God of War II,PlayStation 2 [EU]
223,God of War III - Collector's Edition,PlayStation 3 [EU]
224,God of War: Ascension - Special Edition,PlayStation 3 [EU]
225,God of War: Chains of Olympus [DK][FI][NO][SE],PlayStation Portable [EU]
226,God of War: Ghost of Sparta [IT],PlayStation Portable [EU]
227,"Godfather, The - Limited Edition",PlayStation 2 [EU]
228,Golden Sun: The Lost Age,Game Boy Advance [EU]
229,Gran Turismo - Collector's Edition,PlayStation Portable [EU]
230,Gran Turismo 3: A-Spec,PlayStation 2 [EU]
231,Gran Turismo 4,PlayStation 2 [EU]
232,Gran Turismo 5 - Signature Edition,PlayStation 3 [EU]
233,Gran Turismo 5 Prologue,PlayStation 3 [EU]
234,Gran Turismo 6,PlayStation 3 [EU]
235,Gran Turismo Concept 2002 Tokyo-Geneva,PlayStation 2 [EU]
236,Gran Turismo Sport,PlayStation 4 [EU]
237,Grand Theft Auto III,PlayStation 2 [EU]
238,Grand Theft Auto IV,Xbox 360 [EU]
239,Grand Theft Auto V [DE],PlayStation 3 [EU]
240,Grand Theft Auto: Chinatown Wars,PlayStation Portable [EU]
241,Grand Theft Auto: Episodes From Liberty City,Xbox 360 [EU]
242,Grand Theft Auto: Liberty City Stories,PlayStation Portable [EU]
243,Grand Theft Auto: San Andreas - Platinum,PlayStation 2 [EU]
244,Grand Theft Auto: Vice City [UK],PlayStation 2 [EU]
245,Grand Theft Auto: Vice City Stories,PlayStation Portable [EU]
246,Gravity Rush 2,PlayStation 4 [EU]
247,Gravity Rush Remastered,PlayStation 4 [EU]
248,Guitar Hero 5,Xbox 360 [EU]
249,Guitar Hero II,Xbox 360 [EU]
250,Guitar Hero III: Legends of Rock [SE][FI][NO][DK],Xbox 360 [EU]
251,Guitar Hero World Tour,Xbox 360 [EU]
252,Guitar Hero: Metallica,Xbox 360 [EU]
253,Guitar Hero: Warriors of Rock,Xbox 360 [EU]
254,Gunstar Future Heroes,Game Boy Advance [EU]
255,Halo 2,Xbox [EU]
256,Halo 3 - Limited Edition,Xbox 360 [EU]
257,Halo 3: ODST - Special Edition,Xbox 360 [EU]
258,Halo 4 - Limited Edition,Xbox 360 [EU]
259,Halo Infinite,Xbox One [EU]
260,Halo: Combat Evolved,Xbox [EU]
261,Halo: Combat Evolved Anniversary,Xbox 360 [EU]
262,Halo: Reach - Limited Edition,Xbox 360 [EU]
263,Headhunter,Sega Dreamcast [EU]
264,Headhunter: Redemption,Xbox [EU]
265,Heavenly Sword,PlayStation 3 [EU]
266,Heavy Rain - Special Edition [DE],PlayStation 3 [EU]
267,Hellblade: Senua’s Sacrifice [UK],PlayStation 4 [EU]
268,Hexic HD,Xbox Games Store (X360) [EU]
269,Hitman: The Triple Hit Pack,PlayStation 2 [EU]
270,Horizon Chase Turbo: Senna Sempre - Edição Especial,PlayStation 4 [BR]
271,Horizon Zero Dawn,PlayStation 4 [EU]
272,"House of the Dead 2 & 3 Return, The",Wii [EU]
273,"House of the Dead, The: Overkill - Collector's Edition",Wii [EU]
274,Ico - Limited Edition,PlayStation 2 [EU]
275,Ikaruga,Xbox Games Store (X360) [EU]
276,In The Mix featuring Armin van Buuren - Limited Edition,Wii [EU]
277,inFamous - Special Edition,PlayStation 3 [EU]
278,Infamous 2 - Special Edition,PlayStation 3 [EU]
279,inFamous: First Light,PlayStation 4 [EU]
280,inFamous: Second Son,PlayStation 4 [EU]
281,Infinite Space,Nintendo DS [EU]
282,ISS Pro Evolution [DE][FR],PlayStation [EU]
283,It Takes Two,PlayStation 4 [EU]
284,Jak 3,PlayStation 2 [EU]
285,Jak and Daxter: The Lost Frontier,PlayStation Portable [EU]
286,Jak and Daxter: The Precursor Legacy,PlayStation 2 [EU]
287,Jak II: Renegade,PlayStation 2 [EU]
288,Jak X,PlayStation 2 [EU]
289,Jet Set Radio,Sega Dreamcast [EU]
290,Journey - Collector's Edition,PlayStation 4 [EU]
291,JSRF: Jet Set Radio Future [FR],Xbox [EU]
292,Judgment,PlayStation 5 [EU]
293,Just Cause [NL],PlayStation 2 [EU]
294,Killer Is Dead - Limited Edition,Xbox 360 [EU]
295,Killzone,PlayStation 2 [EU]
296,Killzone 2 - Limited Edition Collector's Box,PlayStation 3 [EU]
297,Killzone 3 - Helghast Edition,PlayStation 3 [EU]
298,Killzone: Liberation,PlayStation Portable [EU]
299,Killzone: Shadow Fall,PlayStation 4 [EU]
300,Kingdom Hearts - Platinum,PlayStation 2 [EU]
301,Kingdom Hearts 358/2 Days,Nintendo DS [EU]
302,Kingdom Hearts II,PlayStation 2 [EU]
303,Kingdom Hearts III,PlayStation 4 [EU]
304,Kingdom Hearts Re:coded,Nintendo DS [EU]
305,Kingdom Hearts: The Story So Far,PlayStation 4 [EU]
306,Kirby and the Forgotten Land,Nintendo Switch [EU]
307,Kirby Star Allies,Nintendo Switch [EU]
308,Klonoa Phantasy Reverie Series,PlayStation 5 [EU]
309,Knack,PlayStation 4 [EU]
310,Knack II,PlayStation 4 [EU]
311,L.A. Noire: The Complete Edition,Xbox 360 [EU]
312,Lair,PlayStation 3 [EU]
313,Lara Croft and the Guardian of Light,Xbox Games Store (X360) [EU]
314,Lara Croft and The Temple of Osiris,PlayStation 4 [EU]
315,Last Bronx,Sega Saturn [EU]
316,"Last Guardian, The - Collector's Edition",PlayStation 4 [EU]
317,"Last of Us Part II, The",PlayStation 4 [EU]
318,"Last of Us, The",PlayStation 3 [EU]
319,"Legend of Spyro, The: A New Beginning",PlayStation 2 [EU]
320,"Legend of Spyro, The: Dawn of the Dragon",PlayStation 2 [EU]
321,"Legend of Spyro, The: The Eternal Night",PlayStation 2 [EU]
322,"Legend of Zelda, The: Echoes of Wisdom",Nintendo Switch [EU]
323,"Legend of Zelda, The: Skyward Sword - Limited Edition Pack",Wii [EU]
324,"Legend of Zelda, The: Tears of the Kingdom",Nintendo Switch [EU]
325,LEGO Star Wars: The Complete Saga,Xbox 360 [EU]
326,Let's Tap - Special Edition,Wii [EU]
327,Life Is Strange,PlayStation 4 [EU]
328,Life Is Strange: Before the Storm - Limited Edition,PlayStation 4 [EU]
329,Link's Crossbow Training,Wii [EU]
330,LittleBIGPlanet,PlayStation 3 [EU]
331,LittleBIGPlanet 2,PlayStation 3 [EU]
332,LittleBigPlanet 3,PlayStation 4 [EU]
333,LittleBIGPlanet Karting,PlayStation 3 [EU]
334,LocoRoco,PlayStation Portable [EU]
335,LocoRoco 2,PlayStation Portable [EU]
336,Lollipop Chainsaw,Xbox 360 [EU]
337,Looney Tunes Racing,PlayStation [EU]
338,Lord of Arcana - Slayer Edition,PlayStation Portable [EU]
339,Lost Judgment,PlayStation 5 [EU]
340,Lost Odyssey [DK][FI][NO][SE],Xbox 360 [EU]
341,Lost Planet: Extreme Condition - Limited Edition,Xbox 360 [EU]
342,Luigi’s Mansion 2 HD,Nintendo Switch [EU]
343,MadWorld,Wii [EU]
344,Mafia Trilogy,PlayStation 4 [EU]
345,Magic Made Fun,Nintendo DS [EU]
346,Majin and the Forsaken Kingdom,Xbox 360 [EU]
347,Manhunt,PlayStation 2 [EU]
348,Manhunt 2,PlayStation 2 [EU]
349,Mario & Sonic at the London 2012 Olympic Games,Nintendo 3DS [EU]
350,Mario & Sonic at the Olympic Games [DK][FI][NO][SE],Wii [EU]
351,Mario & Sonic at the Olympic Games Tokyo 2020,Nintendo Switch [EU]
352,Mario & Sonic at the Olympic Winter Games,Wii [EU]
353,Mario & Sonic at the Rio 2016 Olympic Games,Wii U [EU]
354,Mario & Sonic at the Winter Olympic Games: Sochi 2014,Wii U [EU]
355,Mario & Sonic nos Jogos Olimpicos de Londres 2012,Wii [EU]
356,Mario + Rabbids Sparks of Hope,Nintendo Switch [EU]
357,Mario + Rabbids: Kingdom Battle,Nintendo Switch [EU]
358,Mario Kart 8 Deluxe,Nintendo Switch [EU]
359,Mario Strikers Charged Football,Wii [EU]
360,Marvel's Spider-Man,PlayStation 4 [EU]
361,Mass Effect,Xbox 360 [EU]
362,Mass Effect 2,Xbox 360 [EU]
363,Matterfall,PlayStation 4 [EU]
364,Max Payne,Xbox [EU]
365,Max Payne - Platinum,PlayStation 2 [EU]
366,Max Payne 2: The Fall of Max Payne,Xbox [EU]
367,Max Payne 3 - Special Edition,Xbox 360 [EU]
368,Medal of Honor: Frontline,PlayStation 2 [EU]
369,Medieval Moves,PlayStation 3 [EU]
370,MediEvil,PlayStation 4 [EU]
371,MediEvil - Platinum [DE],PlayStation [EU]
372,MediEvil 2 - Platinum,PlayStation [EU]
373,MediEvil: Resurrection,PlayStation Portable [EU]
374,Mega Bomberman,Sega Mega Drive [EU]
375,Mega Games 6 vol.3,Sega Mega Drive [EU]
376,Metal Gear Acid,PlayStation Portable [EU]
377,Metal Gear Acid 2,PlayStation Portable [EU]
378,Metal Gear Rising: Revengeance,PlayStation 3 [EU]
379,Metal Gear Solid - Platinum,PlayStation [EU]
380,Metal Gear Solid 2: Sons of Liberty [NL],PlayStation 2 [EU]
381,Metal Gear Solid 2: Substance - Ultimate Collector's Edition,PlayStation 2 [EU]
382,Metal Gear Solid 3: Snake Eater [UK],PlayStation 2 [EU]
383,Metal Gear Solid 3: Subsistence,PlayStation 2 [EU]
384,Metal Gear Solid 4: Guns of the Patriots - 25th Anniversary Edition,PlayStation 3 [EU]
385,Metal Gear Solid 4: Guns of the Patriots - Limited Edition,PlayStation 3 [EU]
386,Metal Gear Solid HD Collection - Limited Edition,PlayStation 3 [EU]
387,Metal Gear Solid V: Ground Zeroes,PlayStation 3 [EU]
388,Metal Gear Solid V: The Phantom Pain - Collector's Edition,PlayStation 4 [EU]
389,Metal Gear Solid V: The Phantom Pain - Day One Edition,PlayStation 4 [EU]
390,Metal Gear Solid: Peace Walker,PlayStation Portable [EU]
391,Metal Gear Solid: Portable Ops,PlayStation Portable [EU]
392,Metal Gear Solid: Special Missions,PlayStation [EU]
393,Metal Slug 3,Xbox Games Store (X360) [EU]
394,Metroid Fusion,Game Boy Advance [EU]
395,Metroid Prime Remastered,Nintendo Switch [EU]
396,Mirror's Edge,Xbox 360 [EU]
397,Mirror's Edge Catalyst,PlayStation 4 [EU]
398,"Misadventures of Tron Bonne, The",PlayStation [EU]
399,Mission: Impossible: Operation Surma,PlayStation 2 [EU]
400,ModNation Racers,PlayStation 3 [EU]
401,Mortal Kombat: Komplete Edition,PlayStation 3 [EU]
402,MotorStorm,PlayStation 3 [EU]
403,MotorStorm: Apocalypse,PlayStation 3 [EU]
404,MotorStorm: Pacific Rift,PlayStation 3 [EU]
405,Ms. Pac-Man,Sega Master System [EU]
406,Ms. Splosion Man,Xbox Games Store (X360) [EU]
407,MSR: Metropolis Street Racer,Sega Dreamcast [EU]
408,Naruto Shippuden: Ultimate Ninja 4,PlayStation 2 [EU]
409,Naruto Shippuden: Ultimate Ninja 5,PlayStation 2 [EU]
410,Naruto Shippuden: Ultimate Ninja Storm 2,PlayStation 3 [EU]
411,Naruto Ultimate Ninja Storm [FI][SE][PT],PlayStation 3 [EU]
412,Naruto: Ultimate Ninja,PlayStation 2 [EU]
413,Naruto: Ultimate Ninja 2,PlayStation 2 [EU]
414,Naruto: Ultimate Ninja 3,PlayStation 2 [EU]
415,Naruto: Uzumaki Chronicles 2,PlayStation 2 [EU]
416,NBA 2K10,Xbox 360 [EU]
417,NBA Jam: Tournament Edition,Sega Mega Drive [EU]
418,Need for Speed Underground - Platinum,PlayStation 2 [EU]
419,Need for Speed Underground 2,PlayStation 2 [EU]
420,New Super Lucky's Tale,PlayStation 4 [EU]
421,New Super Mario Bros. U Deluxe,Nintendo Switch [EU]
422,Ni no Kuni II: Revenant Kingdom,PlayStation 4 [EU]
423,Ni no Kuni: Wrath of the White Witch,PlayStation 3 [EU]
424,NieR: Automata,PlayStation 4 [EU]
425,Nights into Dreams...,Sega Saturn [EU]
426,Nights: Journey of Dreams,Wii [EU]
427,Nightshade,PlayStation 2 [EU]
428,Ninja Blade,Xbox 360 [EU]
429,Ninja Gaiden,Xbox [EU]
430,Ninja Gaiden II [UK],Xbox 360 [EU]
431,Nioh,PlayStation 4 [EU]
432,Nioh 2,PlayStation 4 [EU]
433,No More Heroes,Wii [EU]
434,Odin Sphere,PlayStation 2 [EU]
435,Okami,PlayStation 2 [EU]
436,"Order, The: 1886",PlayStation 4 [EU]
437,Ori and the Blind Forest - Definitive Edition,Nintendo Switch [EU]
438,Ori and the Will of the Wisps,Nintendo Switch [EU]
439,Otogi 2: Immortal Warriors,Xbox [EU]
440,Otogi: Myth of Demons,Xbox [EU]
441,OutRun 2006: Coast 2 Coast,PlayStation 2 [EU]
442,P.N.03,GameCube [EU]
443,Pac-Man Championship Edition DX,Xbox Games Store (X360) [EU]
444,Patapon,PlayStation Portable [EU]
445,Perfect Dark Zero - Limited Collector's Edition,Xbox 360 [EU]
446,Persona 5 Royal,PlayStation 4 [EU]
447,Pikmin 1 + 2,Nintendo Switch [EU]
448,Pikmin 4,Nintendo Switch [EU]
449,"Plague Tale, A: Innocence",PlayStation 4 [EU]
450,Planet Ring (Free Exclusive Software),Sega Dreamcast [EU]
451,PlayStation All-Stars Battle Royale,PlayStation 3 [EU]
452,PlayStation Move Heroes [UK],PlayStation 3 [EU]
453,PlayStation Move: Starter Disc,PlayStation 3 [EU]
454,Pokémon Pearl Version,Nintendo DS [EU]
455,Pokémon Pinball Mini,Pokémon Mini [EU]
456,Pokémon Ranger,Nintendo DS [EU]
457,Pokémon Silberne Edition,Game Boy Color [EU]
458,Pokémon SoulSilver Version (Pokéwalker Accessory Included),Nintendo DS [EU]
459,Portal: Still Alive,Xbox Games Store (X360) [EU]
460,Primal - Collector's Edition,PlayStation 2 [EU]
461,Prince of Persia (box),Xbox 360 [EU]
462,Prince of Persia Classic,Xbox Games Store (X360) [EU]
463,Prince of Persia Trilogy,PlayStation 2 [EU]
464,Prince of Persia: The Forgotten Sands - Limited Collector’s Edition,Xbox 360 [EU]
465,Princess Peach: Showtime!,Nintendo Switch [EU]
466,Pro Evolution Soccer 3,PlayStation 2 [EU]
467,Pro Evolution Soccer 4,PlayStation 2 [EU]
468,Pro Evolution Soccer 5 [DK][FI][NO][SE],PlayStation 2 [EU]
469,Pro Evolution Soccer 6,PlayStation 2 [EU]
470,Professor Layton and Pandora's Box,Nintendo DS [EU]
471,Professor Layton and the Curious Village,Nintendo DS [EU]
472,Professor Layton and the Lost Future,Nintendo DS [EU]
473,Professor Layton and the Spectre's Call,Nintendo DS [EU]
474,Project Gotham Racing 4,Xbox 360 [EU]
475,Psychonauts,PlayStation 2 [EU]
476,Psyvariar: Complete Edition,PlayStation 2 [EU]
477,Puppeteer,PlayStation 3 [EU]
478,Pure,Xbox 360 [EU]
479,Pursuit Force [NL],PlayStation Portable [EU]
480,Pursuit Force: Extreme Justice,PlayStation Portable [EU]
481,R-Type Final,PlayStation 2 [EU]
482,Radiant Silvergun,Xbox Games Store (X360) [EU]
483,Ratchet & Clank,PlayStation 4 [EU]
484,Ratchet & Clank,PlayStation 2 [EU]
485,Ratchet & Clank 2 [NL],PlayStation 2 [EU]
486,Ratchet & Clank 3 [DK][FI][NO][SE],PlayStation 2 [EU]
487,Ratchet & Clank: A Crack in Time,PlayStation 3 [EU]
488,Ratchet & Clank: All 4 One,PlayStation 3 [EU]
489,Ratchet & Clank: Nexus,PlayStation 3 [EU]
490,Ratchet & Clank: Qforce,PlayStation 3 [EU]
491,Ratchet & Clank: Quest for Booty,PlayStation 3 [EU]
492,Ratchet & Clank: Size Matters,PlayStation Portable [EU]
493,Ratchet & Clank: Tools of Destruction,PlayStation 3 [EU]
494,Ratchet: Gladiator,PlayStation 2 [EU]
495,Rayman 10th Anniversary,PlayStation 2 [EU]
496,Rayman Origins,PlayStation 3 [EU]
497,Red Dead Redemption 2,PlayStation 4 [EU]
498,Red Dead Redemption: Game of the Year Edition,Xbox 360 [EU]
499,Red Dead Revolver,Xbox [EU]
500,Red Steel,Wii [EU]
501,Resident Evil 2 (2019),PlayStation 4 [EU]
502,Resident Evil 3 (2020),PlayStation 4 [EU]
503,Resident Evil 4 - Limited Edition,PlayStation 2 [EU]
504,Resident Evil 5 [NL],Xbox 360 [EU]
505,Resident Evil 6 [UK],Xbox 360 [EU]
506,Resident Evil 7: Biohazard (IS70006-01 / reviews cover),PlayStation 4 [EU]
507,Resident Evil: The Umbrella Chronicles (RVL-RBUP-UXP / white PEGI rating),Wii [EU]
508,Resistance 2,PlayStation 3 [EU]
509,Resistance 3,PlayStation 3 [EU]
510,Resistance: Fall of Man,PlayStation 3 [EU]
511,Resonance of Fate,Xbox 360 [EU]
512,"Revenge of Shinobi, The",Sega Mega Drive [EU]
513,Ridge Racer 7,PlayStation 3 [EU]
514,Rise of the Tomb Raider: 20 Year Celebration,PlayStation 4 [EU]
515,Ristar,Sega Mega Drive [EU]
516,Rocket Knight,Xbox Games Store (X360) [EU]
517,Samba de Amigo,Wii [EU]
518,Scarface: The World Is Yours - Collector's Edition,PlayStation 2 [EU]
519,"Schtroumpfs Autour du Monde, Les",Sega Mega Drive [EU]
520,Secret Agent Clank,PlayStation Portable [EU]
521,Sega GT,Sega Dreamcast [EU]
522,Sega GT 2002 / Jet Set Radio Future,Xbox [EU]
523,Sega Rally,Xbox 360 [EU]
524,Sega Rally Championship,Sega Saturn [EU]
525,Sega Rally Championship 2,Sega Dreamcast [EU]
526,Sega Superstars,PlayStation 2 [EU]
527,Sega Superstars Tennis,Xbox 360 [EU]
528,Shadow Complex,Xbox Games Store (X360) [EU]
529,Shadow Dancer: The Secret of Shinobi,Sega Mega Drive [EU]
530,Shadow Hearts: From the New World,PlayStation 2 [EU]
531,Shadow of the Colossus,PlayStation 4 [EU]
532,Shadow of the Colossus (slipcover),PlayStation 2 [EU]
533,Shadow of the Tomb Raider,PlayStation 4 [EU]
534,Shadow the Hedgehog,PlayStation 2 [EU]
535,Shadows of the Damned,Xbox 360 [EU]
536,Shenmue,Sega Dreamcast [EU]
537,Shenmue I & II,PlayStation 4 [EU]
538,Shenmue II,Sega Dreamcast [EU]
539,Shenmue II,Xbox [EU]
540,Shenmue III - Day 1 Edition,PlayStation 4 [EU]
541,Shin Megami Tensei: Persona 3 FES,PlayStation 2 [EU]
542,Shinobi,PlayStation 2 [EU]
543,"Shoot, The [UK]",PlayStation 3 [EU]
544,Sine Mora EX,PlayStation 4 [EU]
545,SingStar,PlayStation 2 [EU]
546,SingStar: Best of Disney,PlayStation 2 [EU]
547,Skate 2,PlayStation 3 [EU]
548,Skate 3 [NL][BE],PlayStation 3 [EU]
549,Sly 2: Band of Thieves,PlayStation 2 [EU]
550,Sly 3: Honor Among Thieves,PlayStation 2 [EU]
551,Sly Cooper: Thieves In Time,PlayStation 3 [EU]
552,Sly Raccoon [SE][DK][FI][NO],PlayStation 2 [EU]
553,Smash Court Tennis Pro Tournament 2,PlayStation 2 [EU]
554,SOCOM II: U.S. Navy Seals,PlayStation 2 [EU]
555,Sonic & All-Stars Racing Transformed - Limited Edition,Xbox 360 [EU]
556,"Sonic & Knuckles (1563-50, black insert)",Sega Mega Drive [EU]
557,Sonic & Sega All-Stars Racing with Banjo-Kazooie [UK],Xbox 360 [EU]
558,Sonic 3,Sega Mega Drive [EU]
559,Sonic 3D: Flickies Island,Sega Saturn [EU]
560,Sonic 3D: Flickies' Island,Sega Mega Drive [EU]
561,Sonic Advance,Game Boy Advance [EU]
562,Sonic Advance 2,Game Boy Advance [EU]
563,Sonic Advance 3,Game Boy Advance [EU]
564,Sonic Adventure,Sega Dreamcast [EU]
565,Sonic Adventure 2,Sega Dreamcast [EU]
566,Sonic Adventure 2 Birthday Pack,Sega Dreamcast [JP]
567,Sonic Adventure 2: Battle,GameCube [EU]
568,Sonic Adventure DX: Director's Cut,GameCube [EU]
569,Sonic and the Black Knight,Wii [EU]
570,Sonic and the Secret Rings,Wii [EU]
571,Sonic Battle,Game Boy Advance [EU]
572,Sonic Boom: Fire & Ice,Nintendo 3DS [EU]
573,Sonic Boom: Rise of Lyric,Wii U [EU]
574,Sonic Boom: Shattered Crystal,Nintendo 3DS [EU]
575,Sonic CD,Sega Mega CD [EU]
576,Sonic Chaos,Sega Master System [EU]
577,Sonic Chronicles: The Dark Brotherhood,Nintendo DS [EU]
578,Sonic Classic Collection - Edición Limitada,Nintendo DS [EU]
579,Sonic Colours,Wii [EU]
580,Sonic Colours,Nintendo DS [EU]
581,Sonic Colours: Ultimate,PlayStation 4 [EU]
582,Sonic Compilation,Sega Mega Drive [EU]
583,Sonic Forces,PlayStation 4 [EU]
584,Sonic Free Riders,Xbox 360 [EU]
585,Sonic Frontiers,PlayStation 5 [EU]
586,Sonic Gems Collection,PlayStation 2 [EU]
587,Sonic Generations,Nintendo 3DS [EU]
588,Sonic Generations - Collector's Edition,Xbox 360 [EU]
589,Sonic Heroes,PlayStation 2 [EU]
590,Sonic Jam,Sega Saturn [EU]
591,Sonic Mania - Collector's Edition,PlayStation 4 [EU]
592,Sonic Mania Plus,PlayStation 4 [EU]
593,Sonic Mega Collection,GameCube [EU]
594,Sonic Mega Collection Plus,PlayStation 2 [EU]
595,Sonic Origins Plus,PlayStation 5 [EU]
596,Sonic Pinball Party,Game Boy Advance [EU]
597,Sonic R,Sega Saturn [EU]
598,Sonic Riders,PlayStation 2 [EU]
599,Sonic Riders: Zero Gravity,PlayStation 2 [EU]
600,Sonic Rivals [SE][FI],PlayStation Portable [EU]
601,Sonic Rivals 2,PlayStation Portable [EU]
602,Sonic Rush,Nintendo DS [EU]
603,Sonic Rush Adventure,Nintendo DS [EU]
604,Sonic Shuffle,Sega Dreamcast [EU]
605,Sonic Spinball,Sega Mega Drive [EU]
606,Sonic Superstars,PlayStation 5 [EU]
607,Sonic The Hedgehog,Sega Master System [EU]
608,Sonic the Hedgehog,Xbox 360 [EU]
609,Sonic the Hedgehog (Made in China),Sega Mega Drive [EU]
610,Sonic the Hedgehog 2,Sega Master System [EU]
611,Sonic the Hedgehog 2 (Made in Japan),Sega Mega Drive [EU]
612,Sonic the Hedgehog 4: Episode I,Xbox Games Store (X360) [EU]
613,Sonic the Hedgehog 4: Episode II,Xbox Games Store (X360) [EU]
614,Sonic Unleashed (INL-XT206601-UK),Xbox 360 [EU]
615,Sonic: Lost World,Nintendo 3DS [EU]
616,Sonic: Lost World,Wii U [EU]
617,SonicN [ES],N-Gage [EU]
618,Sorcery,PlayStation 3 [EU]
619,Soul Blade,PlayStation [EU]
620,SoulCalibur,Sega Dreamcast [EU]
621,SoulCalibur II,PlayStation 2 [EU]
622,SoulCalibur III,PlayStation 2 [EU]
623,SoulCalibur IV,PlayStation 3 [EU]
624,SoulCalibur V,PlayStation 3 [EU]
625,SoulCalibur VI,PlayStation 4 [EU]
626,SoulCalibur: Broken Destiny,PlayStation Portable [EU]
627,South Park: The Fractured But Whole,PlayStation 4 [EU]
628,South Park: The Stick of Truth,PlayStation 3 [EU]
629,Space Gun,Sega Master System [EU]
630,Spec Ops: The Line,Xbox 360 [EU]
631,Spider-Man - Platinum,PlayStation [EU]
632,Spider-Man 2,PlayStation 2 [EU]
633,Spider-Man: The Movie,PlayStation 2 [EU]
634,Split/Second: Velocity,Xbox 360 [EU]
635,Spyro 2: Gateway to Glimmer,PlayStation [EU]
636,Spyro Reignited Trilogy,PlayStation 4 [EU]
637,Spyro: A Hero's Tail,PlayStation 2 [EU]
638,Spyro: Enter the Dragonfly,PlayStation 2 [EU]
639,Spyro: Shadow Legacy,Nintendo DS [EU]
640,Star Wars Battlefront,PlayStation 4 [EU]
641,Star Wars Battlefront II [FR][NL],PlayStation 4 [EU]
642,Star Wars Jedi: Fallen Order,PlayStation 5 [EU]
643,Street Fighter IV - Collector's Edition [CH][DE],Xbox 360 [EU]
644,Street Fighter V,PlayStation 4 [EU]
645,Street Fighter X Tekken [FR],PlayStation 3 [EU]
646,Streets of Rage 4,PlayStation 4 [EU]
647,Streets of Rage II,Sega Mega Drive [EU]
648,Stuart Little 2,PlayStation [EU]
649,Super Dragon Ball Z,PlayStation 2 [EU]
650,Super Mario 3D World + Bowser's Fury,Nintendo Switch [EU]
651,Super Mario All-Stars: 25th Anniversary Edition,Wii [EU]
652,Super Mario Bros. Wonder,Nintendo Switch [EU]
653,Super Mario Odyssey,Nintendo Switch [EU]
654,Super Mario RPG,Nintendo Switch [EU]
655,Super Smash Bros. - Sonic the Hedgehog,Amiibo Figures [EU]
656,Super Smash Bros. Brawl,Wii [EU]
657,Super Smash Bros. for Nintendo 3DS,Nintendo 3DS [EU]
658,Syphon Filter 2,PlayStation [EU]
659,Syphon Filter: Dark Mirror [FR],PlayStation Portable [EU]
660,Syphon Filter: Logan's Shadow,PlayStation Portable [EU]
661,Syphon Filter: The Omega Strain,PlayStation 2 [EU]
662,Tactics Ogre: Let Us Cling Together - Premium Edition,PlayStation Portable [EU]
663,Tales of Vesperia: Definitive Edition,PlayStation 4 [EU]
664,Tatsunoko vs. Capcom: Ultimate All-Stars,Wii [EU]
665,Team Sonic Racing,PlayStation 4 [EU]
666,Tearaway Unfolded - Messenger Edition,PlayStation 4 [EU]
667,Tekken,PlayStation [EU]
668,Tekken 2,PlayStation [EU]
669,Tekken 3,PlayStation [EU]
670,Tekken 3D: Prime Edition,Nintendo 3DS [EU]
671,Tekken 4,PlayStation 2 [EU]
672,Tekken 5,PlayStation 2 [EU]
673,Tekken 6,PlayStation 3 [EU]
674,Tekken 7,PlayStation 4 [EU]
675,Tekken Advance,Game Boy Advance [EU]
676,Tekken Hybrid [UK],PlayStation 3 [EU]
677,Tekken Tag Tournament,PlayStation 2 [EU]
678,Tekken Tag Tournament 2,PlayStation 3 [EU]
679,Tekken: Dark Resurrection,PlayStation Portable [EU]
680,Tekken's Nina Williams in: Death by Degrees,PlayStation 2 [EU]
681,This is Football 2003,PlayStation 2 [EU]
682,Time Crisis,PlayStation [EU]
683,Time Crisis 3,PlayStation 2 [EU]
684,Time Crisis 4,PlayStation 3 [EU]
685,Time Crisis II,PlayStation 2 [EU]
686,Time Crisis: Project Titan [DE],PlayStation [EU]
687,Time Crisis: Razing Storm,PlayStation 3 [EU]
688,Tom Clancy's Splinter Cell,Xbox [EU]
689,Tom Clancy's Splinter Cell,PlayStation 2 [EU]
690,Tom Clancy's Splinter Cell: Blacklist [DK][FI][NO][SE],Xbox 360 [EU]
691,Tom Clancy's Splinter Cell: Chaos Theory,Xbox [EU]
692,Tom Clancy's Splinter Cell: Chaos Theory,PlayStation 2 [EU]
693,Tom Clancy's Splinter Cell: Conviction - Limited Collector's Edition,Xbox 360 [EU]
694,Tom Clancy's Splinter Cell: Double Agent,Xbox 360 [EU]
695,Tom Clancy's Splinter Cell: Pandora Tomorrow,Xbox [EU]
696,Tom Clancy's Splinter Cell: Pandora Tomorrow,PlayStation 2 [EU]
697,Tomb Raider,Game Boy Color [EU]
698,Tomb Raider: Definitive Edition,PlayStation 4 [EU]
699,Tony Hawk's Skateboarding,PlayStation [EU]
700,Tony Hawk's Underground,PlayStation 2 [EU]
701,Tony Hawk's Underground 2,PlayStation 2 [EU]
702,Tourist Trophy,PlayStation 2 [EU]
703,Trials HD,Xbox Games Store (X360) [EU]
704,True Crime: Streets of LA - Platinum,PlayStation 2 [EU]
705,Ty the Tasmanian Tiger 2: Bush Rescue,PlayStation 2 [EU]
706,UEFA Euro 2000,PlayStation [EU]
707,UEFA Euro 2004: Portugal,PlayStation 2 [EU]
708,Ultimate Marvel VS Capcom 3,PlayStation 3 [EU]
709,Ultimate Spider-Man,PlayStation 2 [EU]
710,Ultra Street Fighter IV,PlayStation 3 [EU]
711,Uncharted 2: Among Thieves [UK],PlayStation 3 [EU]
712,Uncharted 3: Drake's Deception [UK],PlayStation 3 [EU]
713,Uncharted 4: A Thief's End,PlayStation 4 [EU]
714,Uncharted: Drake's Fortune,PlayStation 3 [EU]
715,Uncharted: Golden Abyss,PlayStation Vita [EU]
716,Uncharted: The Lost Legacy,PlayStation 4 [EU]
717,Until Dawn,PlayStation 4 [EU]
718,Vagrant Story,PlayStation [EU]
719,Valkyria Chronicles,PlayStation 3 [EU]
720,Valkyria Chronicles 4,PlayStation 4 [EU]
721,Valkyrie Profile 2: Silmeria,PlayStation 2 [EU]
722,Vanquish - Limited Edition (Zavvi Exclusive),Xbox 360 [EU]
723,Virtua Cop - Elite Edition,PlayStation 2 [EU]
724,Virtua Cop (jewel case),Sega Saturn [EU]
725,Virtua Cop 2 (jewel case),Sega Saturn [EU]
726,Virtua Fighter 2,Sega Saturn [EU]
727,Virtua Fighter 3tb (black disc),Sega Dreamcast [EU]
728,Virtua Fighter 4,PlayStation 2 [EU]
729,Virtua Fighter 4 Evolution,PlayStation 2 [EU]
730,Virtua Fighter 5,Xbox 360 [EU]
731,Virtua Fighter Kids,Sega Saturn [EU]
732,Virtua Striker 2 Ver. 2000.1,Sega Dreamcast [EU]
733,Virtua Tennis,Sega Dreamcast [EU]
734,Virtua Tennis 2,Sega Dreamcast [EU]
735,Wet [UK],Xbox 360 [EU]
736,Wii Sports,Wii [EU]
737,Wii Sports Resort,Wii [EU]
738,Wipeout: Omega Collection (slipcover),PlayStation 4 [EU]
739,WWE Smackdown vs Raw 2007,PlayStation 2 [EU]
740,WWE SmackDown! Here Comes the Pain - Platinum,PlayStation 2 [EU]
741,WWE SmackDown! vs Raw 2006,PlayStation 2 [EU]
742,WWE SmackDown! vs. Raw,PlayStation 2 [EU]
743,Xbox Live Arcade Compilation Disc,Xbox 360 [EU]
744,Xbox Live Arcade Unplugged Volume 1,Xbox 360 [EU]
745,Yakuza [UK],PlayStation 2 [EU]
746,Yakuza 0,PlayStation 4 [EU]
747,Yakuza 2,PlayStation 2 [EU]
748,Yakuza 3,PlayStation 3 [EU]
749,Yakuza 4,PlayStation 3 [EU]
750,Yakuza 6: The Song of Life,PlayStation 4 [EU]
751,Yakuza Kiwami,PlayStation 4 [EU]
752,Yakuza Kiwami 2,PlayStation 4 [EU]
753,"Yakuza Remastered Collection, The (box)",PlayStation 4 [EU]
754,Yakuza: Dead Souls,PlayStation 3 [EU]
755,Yakuza: Like a Dragon,PlayStation 5 [EU]
756,Yooka-Laylee,PlayStation 4 [EU]
757,Yooka-Laylee and the Impossible Lair,PlayStation 4 [EU]
758,Yu-Gi-Oh! Capsule Monster Coliseum,PlayStation 2 [EU]
759,Yu-Gi-Oh! Forbidden Memories,PlayStation [EU]
760,Yu-Gi-Oh! The Duelists of the Roses (card text left) [UK],PlayStation 2 [EU]
761,Yu-Gi-Oh! World Championship Tournament 2004,Game Boy Advance [EU]
762,Yu-Gi-Oh! Worldwide Edition: Stairway to the Destined Duel,Game Boy Advance [EU]
763,Zone of the Enders (Metal Gear Solid 2),PlayStation 2 [EU]
764,Zone of the Enders: The 2nd Runner: Special Edition (black PEGI rating),PlayStation 2 [EU]
